{"cameraMode":{"drawMode":0,"name":"Shaded","section":"Shading Mode"},"sceneLighting":false,"audioPlay":false,"sceneViewState":{"showFog":true,"showMaterialUpdate":false,"showSkybox":false,"showFlares":true,"showImageEffects":true,"showParticleSystems":true},"in2DMode":false,"pivot":{"x":4.470348358154297e-8,"y":0.9526529312133789,"z":-0.00700000673532486},"rotation":{"x":0.33818575739860537,"y":-0.12093145400285721,"z":0.04386952146887779,"w":0.9322453737258911},"size":1.8269033432006837,"orthographic":false}